﻿--
-- Script was generated by Devart dbForge Studio for MySQL, Version 8.0.40.0
-- Product home page: http://www.devart.com/dbforge/mysql/studio
-- Script date 6/14/2021 9:16:46 PM
-- Server version: 5.5.5-10.1.40-MariaDB
-- Client version: 4.1
--

-- 
-- Disable foreign keys
-- 
/*!40014 SET @OLD_FOREIGN_KEY_CHECKS=@@FOREIGN_KEY_CHECKS, FOREIGN_KEY_CHECKS=0 */;

-- 
-- Set SQL mode
-- 
/*!40101 SET @OLD_SQL_MODE=@@SQL_MODE, SQL_MODE='NO_AUTO_VALUE_ON_ZERO' */;

-- 
-- Set character set the client will use to send SQL statements to the server
--
SET NAMES 'utf8';

--
-- Set default database
--
USE proyectofinalyii;

--
-- Drop table `partidas`
--
DROP TABLE IF EXISTS partidas;

--
-- Drop table `personajes`
--
DROP TABLE IF EXISTS personajes;

--
-- Drop table `clases`
--
DROP TABLE IF EXISTS clases;

--
-- Drop table `elementos`
--
DROP TABLE IF EXISTS elementos;

--
-- Drop table `zonas`
--
DROP TABLE IF EXISTS zonas;

--
-- Set default database
--
USE proyectofinalyii;

--
-- Create table `zonas`
--
CREATE TABLE zonas (
  nombre varchar(20) NOT NULL,
  debilidad varchar(20) DEFAULT NULL,
  PRIMARY KEY (nombre)
)
ENGINE = INNODB,
AVG_ROW_LENGTH = 4096,
CHARACTER SET latin1,
COLLATE latin1_swedish_ci;

--
-- Create table `elementos`
--
CREATE TABLE elementos (
  nombre varchar(20) NOT NULL,
  fuerza varchar(20) DEFAULT NULL,
  debilidad varchar(20) DEFAULT NULL,
  PRIMARY KEY (nombre)
)
ENGINE = INNODB,
AVG_ROW_LENGTH = 4096,
CHARACTER SET latin1,
COLLATE latin1_swedish_ci;

--
-- Create table `clases`
--
CREATE TABLE clases (
  nombre varchar(20) NOT NULL,
  fuerza varchar(20) DEFAULT NULL,
  debilidad varchar(20) DEFAULT NULL,
  PRIMARY KEY (nombre)
)
ENGINE = INNODB,
AVG_ROW_LENGTH = 8192,
CHARACTER SET latin1,
COLLATE latin1_swedish_ci;

--
-- Create table `personajes`
--
CREATE TABLE personajes (
  cod int(11) NOT NULL AUTO_INCREMENT,
  nombre varchar(10) DEFAULT NULL,
  autor varchar(15) DEFAULT NULL,
  nivel int(11) DEFAULT 5,
  clase varchar(20) DEFAULT NULL,
  cod_partidas varchar(9) DEFAULT NULL,
  nom_clase varchar(20) DEFAULT NULL,
  nom_elemento varchar(20) DEFAULT NULL,
  nom_zona varchar(20) DEFAULT NULL,
  muerto tinyint(1) DEFAULT 0,
  PRIMARY KEY (cod)
)
ENGINE = INNODB,
AUTO_INCREMENT = 111,
AVG_ROW_LENGTH = 1638,
CHARACTER SET latin1,
COLLATE latin1_swedish_ci;

--
-- Create foreign key
--
ALTER TABLE personajes
ADD CONSTRAINT fk_clases_personajes FOREIGN KEY (nom_clase)
REFERENCES clases (nombre) ON DELETE CASCADE ON UPDATE CASCADE;

--
-- Create foreign key
--
ALTER TABLE personajes
ADD CONSTRAINT fk_elementos_personajes FOREIGN KEY (nom_elemento)
REFERENCES elementos (nombre) ON DELETE CASCADE ON UPDATE CASCADE;

--
-- Create foreign key
--
ALTER TABLE personajes
ADD CONSTRAINT fk_zonas_personajes FOREIGN KEY (nom_zona)
REFERENCES zonas (nombre) ON DELETE CASCADE ON UPDATE CASCADE;

--
-- Create table `partidas`
--
CREATE TABLE partidas (
  cod int(11) NOT NULL AUTO_INCREMENT,
  ganador int(11) NOT NULL,
  perdedor int(11) NOT NULL,
  cod_jugador1 int(11) NOT NULL,
  cod_jugador2 int(11) NOT NULL,
  matanza tinyint(1) DEFAULT 0,
  PRIMARY KEY (cod)
)
ENGINE = INNODB,
AUTO_INCREMENT = 280,
AVG_ROW_LENGTH = 268,
CHARACTER SET latin1,
COLLATE latin1_swedish_ci;

--
-- Create foreign key
--
ALTER TABLE partidas
ADD CONSTRAINT fk_jugadores1_partidas FOREIGN KEY (cod_jugador1)
REFERENCES personajes (cod) ON DELETE CASCADE ON UPDATE CASCADE;

--
-- Create foreign key
--
ALTER TABLE partidas
ADD CONSTRAINT fk_jugadores2_partidas FOREIGN KEY (cod_jugador2)
REFERENCES personajes (cod) ON DELETE CASCADE ON UPDATE CASCADE;

-- 
-- Dumping data for table zonas
--
INSERT INTO zonas VALUES
('Bosque', 'Montaña'),
('Cueva', 'Bosque'),
('Desierto', 'Cueva'),
('Montaña', 'Desierto');

-- 
-- Dumping data for table elementos
--
INSERT INTO elementos VALUES
('Agua', 'Fuego', 'Viento'),
('Fuego', 'Tierra', 'Agua'),
('Tierra', 'Viento', 'Fuego'),
('Viento', 'Agua', 'Tierra');

-- 
-- Dumping data for table clases
--
INSERT INTO clases VALUES
('Arquero', 'Mago', 'Guerrero'),
('Guerrero', 'Arquero', 'Mago'),
('Mago', 'Guerrero', 'Arquero');

-- 
-- Dumping data for table personajes
--
INSERT INTO personajes VALUES
(96, 'Dave', 'as', 0, 'Avalanchero', NULL, 'Arquero', 'Agua', 'Bosque', 1),
(102, 'Dave', 'manu', 0, 'Herrero', NULL, 'Guerrero', 'Fuego', 'Cueva', 1),
(103, 'Pepe', 'manu', 0, 'Caballuco', NULL, 'Guerrero', 'Viento', 'Cueva', 1),
(104, 'Joan', 'Andrés', 0, 'Mercenario', NULL, 'Guerrero', 'Tierra', 'Desierto', 1),
(105, 'Svanir', 'manu', 0, 'Avalanchero', NULL, 'Arquero', 'Agua', 'Bosque', 1),
(106, 'JEFE', 'Andrés', 17, 'Cazador', NULL, 'Arquero', 'Tierra', 'Cueva', 0),
(107, 'Pepito', 'manu', 0, 'Incendiario', NULL, 'Mago', 'Fuego', 'Desierto', 1),
(108, 'jonny', 'pilar', 19, 'Cazador', NULL, 'Arquero', 'Tierra', 'Cueva', 0),
(109, 'Dave', 'pilar', 5, 'Avalanchero', NULL, 'Arquero', 'Agua', 'Bosque', 0),
(110, 'Jason', 'manu', 5, 'Mercenario', NULL, 'Guerrero', 'Tierra', 'Desierto', 0);

-- 
-- Dumping data for table partidas
--
INSERT INTO partidas VALUES
(219, 102, 96, 102, 96, 1),
(220, 96, 102, 102, 96, 1),
(221, 102, 96, 102, 96, 1),
(222, 102, 103, 102, 103, 0),
(223, 102, 103, 102, 103, 0),
(224, 102, 105, 102, 105, 0),
(225, 102, 103, 102, 103, 0),
(226, 104, 102, 102, 104, 0),
(227, 102, 105, 102, 105, 0),
(228, 105, 102, 102, 105, 0),
(229, 102, 105, 102, 105, 0),
(230, 104, 102, 102, 104, 0),
(231, 102, 104, 102, 104, 0),
(232, 104, 102, 102, 104, 0),
(233, 102, 103, 102, 103, 0),
(234, 102, 105, 102, 105, 1),
(235, 102, 106, 102, 106, 0),
(236, 106, 102, 102, 106, 0),
(237, 102, 104, 102, 104, 0),
(238, 102, 104, 102, 104, 0),
(239, 102, 106, 102, 106, 0),
(240, 102, 106, 102, 106, 0),
(241, 102, 106, 102, 106, 0),
(242, 102, 106, 102, 106, 0),
(243, 106, 102, 102, 106, 0),
(244, 102, 106, 102, 106, 0),
(245, 102, 106, 102, 106, 0),
(246, 102, 103, 102, 103, 1),
(247, 102, 104, 102, 104, 0),
(248, 106, 104, 104, 106, 0),
(249, 104, 102, 104, 102, 0),
(250, 106, 104, 104, 106, 0),
(251, 102, 104, 104, 102, 0),
(252, 104, 106, 104, 106, 0),
(253, 102, 104, 104, 102, 0),
(254, 106, 104, 104, 106, 0),
(255, 102, 104, 104, 102, 0),
(256, 104, 102, 104, 102, 0),
(257, 106, 104, 104, 106, 0),
(258, 102, 104, 104, 102, 0),
(259, 104, 102, 104, 102, 0),
(260, 104, 102, 104, 102, 0),
(261, 104, 106, 104, 106, 0),
(262, 106, 104, 104, 106, 0),
(263, 104, 106, 104, 106, 0),
(264, 102, 104, 104, 102, 0),
(265, 106, 104, 104, 106, 0),
(266, 106, 104, 104, 106, 1),
(267, 106, 107, 107, 106, 0),
(268, 102, 107, 107, 102, 0),
(269, 106, 107, 107, 106, 1),
(270, 108, 102, 108, 102, 0),
(271, 102, 108, 108, 102, 0),
(272, 108, 102, 108, 102, 0),
(273, 102, 108, 108, 102, 0),
(274, 108, 102, 108, 102, 0),
(275, 108, 106, 108, 106, 0),
(276, 108, 106, 108, 106, 0),
(277, 108, 106, 108, 106, 0),
(278, 102, 108, 108, 102, 0),
(279, 102, 108, 102, 108, 0);

-- 
-- Restore previous SQL mode
-- 
/*!40101 SET SQL_MODE=@OLD_SQL_MODE */;

-- 
-- Enable foreign keys
-- 
/*!40014 SET FOREIGN_KEY_CHECKS = @OLD_FOREIGN_KEY_CHECKS */;